{
    "precision": {
        "P@1": 0.3,
        "P@2": 0.4,
        "P@3": 0.4,
        "P@4": 0.4
    },
    "dcg": {
        "DCG@2": 0.3630929753571458,
        "DCG@3": 0.3630929753571458,
        "DCG@4": 0.3630929753571458,
        "DCG@5": 0.3630929753571458
    },
    "runtime_seconds": 23725.48,
    "query_time_stats": {
        "mean": 2372.3155,
        "std": 1097.8295,
        "min": 853.1768,
        "max": 4421.3891
    }
}