{
    "precision": {
        "P@1": 0.007231404958677686,
        "P@2": 0.008264462809917356,
        "P@3": 0.009297520661157025,
        "P@4": 0.010330578512396695
    },
    "dcg": {
        "DCG@2": 0.00788319189418539,
        "DCG@3": 0.008399720819805225,
        "DCG@4": 0.008844634619467821,
        "DCG@5": 0.008844634619467821
    },
    "runtime_seconds": 59286.66,
    "avg_time_per_query": 61.2465
}