{
    "precision": {
        "P@1": 0.7394366197183099,
        "P@2": 0.823943661971831,
        "P@3": 0.8380281690140845,
        "P@4": 0.8450704225352113
    },
    "dcg": {
        "DCG@2": 0.7927546270623763,
        "DCG@3": 0.7997968805835031,
        "DCG@4": 0.8028298140910621,
        "DCG@5": 0.8028298140910621
    },
    "runtime_seconds": 5053.18,
    "avg_time_per_query": 35.5858
}