{
    "precision": {
        "P@1": 0.2,
        "P@2": 0.4,
        "P@3": 0.4,
        "P@4": 0.5
    },
    "dcg": {
        "DCG@2": 0.3261859507142916,
        "DCG@3": 0.3261859507142916,
        "DCG@4": 0.36925360652163086,
        "DCG@5": 0.36925360652163086
    },
    "runtime_seconds": 24987.3,
    "query_time_stats": {
        "mean": 2498.4973,
        "std": 213.7207,
        "min": 2181.4527,
        "max": 2904.9975
    }
}