{
    "precision": {
        "P@1": 0.007231404958677686,
        "P@2": 0.009297520661157025,
        "P@3": 0.009297520661157025,
        "P@4": 0.009297520661157025
    },
    "dcg": {
        "DCG@2": 0.008534978829693094,
        "DCG@3": 0.008534978829693094,
        "DCG@4": 0.008534978829693094,
        "DCG@5": 0.008534978829693094
    },
    "runtime_seconds": 42747.32,
    "avg_time_per_query": 44.1605
}