{
    "precision": {
        "P@1": 0.7112676056338029,
        "P@2": 0.8380281690140845,
        "P@3": 0.8732394366197183,
        "P@4": 0.8943661971830986
    },
    "dcg": {
        "DCG@2": 0.7912446166499026,
        "DCG@3": 0.8088502504527195,
        "DCG@4": 0.8179490509753968,
        "DCG@5": 0.8233976820632072
    },
    "runtime_seconds": 11478.58,
    "avg_time_per_query": 80.8351
}