{
    "precision": {
        "P@1": 0.21895424836601307,
        "P@2": 0.2875816993464052,
        "P@3": 0.32679738562091504,
        "P@4": 0.369281045751634
    },
    "dcg": {
        "DCG@2": 0.2622533491013091,
        "DCG@3": 0.28186119223856404,
        "DCG@4": 0.3001579087580218,
        "DCG@5": 0.31027170763997064
    },
    "runtime_seconds": 9.25,
    "avg_time_per_query": 0.0302
}