{
    "precision": {
        "P@1": 0.5020661157024794,
        "P@2": 0.6270661157024794,
        "P@3": 0.6880165289256198,
        "P@4": 0.7179752066115702
    },
    "dcg": {
        "DCG@2": 0.5809323348989125,
        "DCG@3": 0.6114075415104825,
        "DCG@4": 0.6243100417006978,
        "DCG@5": 0.6327025096262405
    },
    "runtime_seconds": 12.37,
    "avg_time_per_query": 0.0128
}