{
    "precision": {
        "P@1": 0.7746478873239436,
        "P@2": 0.8732394366197183,
        "P@3": 0.9084507042253521,
        "P@4": 0.9366197183098591
    },
    "dcg": {
        "DCG@2": 0.8368522292253547,
        "DCG@3": 0.8544578630281716,
        "DCG@4": 0.866589597058408,
        "DCG@5": 0.866589597058408
    },
    "runtime_seconds": 1.2,
    "avg_time_per_query": 0.0085
}