{
    "precision": {
        "P@1": 0.1830065359477124,
        "P@2": 0.238562091503268,
        "P@3": 0.27124183006535946,
        "P@4": 0.3235294117647059
    },
    "dcg": {
        "DCG@2": 0.2180581889239045,
        "DCG@3": 0.23439805820495024,
        "DCG@4": 0.256917093921206,
        "DCG@5": 0.2645024430826676
    },
    "time": {
        "build_tree_seconds": 0.04,
        "retrieval_seconds": 5.31,
        "avg_retrieval_seconds": 0.0173,
        "std_retrieval_seconds": 0.0284,
        "min_retrieval_seconds": 0.0144,
        "max_retrieval_seconds": 0.5054,
        "total_seconds": 10.71,
        "avg_total_seconds": 0.035
    }
}