{
    "precision": {
        "P@1": 0.2777777777777778,
        "P@2": 0.35947712418300654,
        "P@3": 0.3954248366013072,
        "P@4": 0.4444444444444444
    },
    "dcg": {
        "DCG@2": 0.3293243262721778,
        "DCG@3": 0.3472981824813281,
        "DCG@4": 0.36840977846531786,
        "DCG@5": 0.37346667790629234
    },
    "time": {
        "build_tree_seconds": 0.04,
        "retrieval_seconds": 6260.44,
        "avg_retrieval_seconds": 20.4589,
        "std_retrieval_seconds": 36.6699,
        "min_retrieval_seconds": 6.0208,
        "max_retrieval_seconds": 623.9001,
        "total_seconds": 6265.94,
        "avg_total_seconds": 20.4769
    }
}