{
    "precision": {
        "P@1": 0.5950413223140496,
        "P@2": 0.7148760330578512,
        "P@3": 0.7541322314049587,
        "P@4": 0.7758264462809917
    },
    "dcg": {
        "DCG@2": 0.6706486068329433,
        "DCG@3": 0.6902767060064968,
        "DCG@4": 0.6996198957994113,
        "DCG@5": 0.7036163090972888
    },
    "time": {
        "build_tree_seconds": 0.12,
        "retrieval_seconds": 12874.38,
        "avg_retrieval_seconds": 13.3,
        "std_retrieval_seconds": 48.2863,
        "min_retrieval_seconds": 2.6543,
        "max_retrieval_seconds": 1215.9623,
        "total_seconds": 12879.41,
        "avg_total_seconds": 13.3052
    }
}