{
    "precision": {
        "P@1": 0.5563380281690141,
        "P@2": 0.6126760563380281,
        "P@3": 0.6338028169014085,
        "P@4": 0.6338028169014085
    },
    "dcg": {
        "DCG@2": 0.5918833663983919,
        "DCG@3": 0.602446746680082,
        "DCG@4": 0.602446746680082,
        "DCG@5": 0.602446746680082
    },
    "time": {
        "build_tree_seconds": 0.0,
        "retrieval_seconds": 2294.42,
        "avg_retrieval_seconds": 16.1579,
        "std_retrieval_seconds": 50.3593,
        "min_retrieval_seconds": 2.9703,
        "max_retrieval_seconds": 608.3072,
        "total_seconds": 2299.14,
        "avg_total_seconds": 16.1911
    }
}