{
    "precision": {
        "P@1": 0.19281045751633988,
        "P@2": 0.24509803921568626,
        "P@3": 0.2777777777777778,
        "P@4": 0.3202614379084967
    },
    "dcg": {
        "DCG@2": 0.22580024855275596,
        "DCG@3": 0.2421401178338017,
        "DCG@4": 0.2604368343532595,
        "DCG@5": 0.26802218351472107
    },
    "time": {
        "build_tree_seconds": 0.04,
        "retrieval_seconds": 5.39,
        "avg_retrieval_seconds": 0.0176,
        "std_retrieval_seconds": 0.0336,
        "min_retrieval_seconds": 0.0143,
        "max_retrieval_seconds": 0.5972,
        "total_seconds": 11.72,
        "avg_total_seconds": 0.0383
    }
}