{
    "precision": {
        "P@1": 0.27124183006535946,
        "P@2": 0.3300653594771242,
        "P@3": 0.3954248366013072,
        "P@4": 0.4117647058823529
    },
    "dcg": {
        "DCG@2": 0.3083553449813275,
        "DCG@3": 0.34103508354341894,
        "DCG@4": 0.3480722822047489,
        "DCG@5": 0.3506007319252361
    },
    "time": {
        "build_tree_seconds": 0.04,
        "retrieval_seconds": 17491.31,
        "avg_retrieval_seconds": 57.1611,
        "std_retrieval_seconds": 124.3716,
        "min_retrieval_seconds": 4.5485,
        "max_retrieval_seconds": 1244.4678,
        "total_seconds": 17497.72,
        "avg_total_seconds": 57.1821
    }
}