{
    "precision": {
        "P@1": 0.44834710743801653,
        "P@2": 0.5609504132231405,
        "P@3": 0.6146694214876033,
        "P@4": 0.6477272727272727
    },
    "dcg": {
        "DCG@2": 0.5193918834083572,
        "DCG@3": 0.5462513875405887,
        "DCG@4": 0.5604886291297917,
        "DCG@5": 0.5680818143957588
    },
    "time": {
        "build_tree_seconds": 0.11,
        "retrieval_seconds": 20.6,
        "avg_retrieval_seconds": 0.0213,
        "std_retrieval_seconds": 0.0192,
        "min_retrieval_seconds": 0.0159,
        "max_retrieval_seconds": 0.6085,
        "total_seconds": 26.67,
        "avg_total_seconds": 0.0276
    }
}