{
    "precision": {
        "P@1": 0.5795454545454546,
        "P@2": 0.6683884297520661,
        "P@3": 0.7024793388429752,
        "P@4": 0.7231404958677686
    },
    "dcg": {
        "DCG@2": 0.6355991309991177,
        "DCG@3": 0.652644585544572,
        "DCG@4": 0.661542861537824,
        "DCG@5": 0.6643403508463384
    },
    "time": {
        "build_tree_seconds": 0.11,
        "retrieval_seconds": 83951.53,
        "avg_retrieval_seconds": 86.7268,
        "std_retrieval_seconds": 96.9785,
        "min_retrieval_seconds": 8.9855,
        "max_retrieval_seconds": 1299.2702,
        "total_seconds": 83957.01,
        "avg_total_seconds": 86.7324
    }
}