{
    "precision": {
        "P@1": 0.0457516339869281,
        "P@2": 0.08496732026143791,
        "P@3": 0.10130718954248366,
        "P@4": 0.1111111111111111
    },
    "dcg": {
        "DCG@2": 0.07049397726424017,
        "DCG@3": 0.07866391190476305,
        "DCG@4": 0.08288623110156101,
        "DCG@5": 0.0866789056822918
    },
    "runtime_seconds": 65.13,
    "query_time_stats": {
        "mean": 0.0022,
        "std": 0.0002,
        "min": 0.002,
        "max": 0.0051
    }
}