{
    "precision": {
        "P@1": 0.02066115702479339,
        "P@2": 0.029958677685950414,
        "P@3": 0.03925619834710744,
        "P@4": 0.047520661157024795
    },
    "dcg": {
        "DCG@2": 0.026527239444362728,
        "DCG@3": 0.03117599977494124,
        "DCG@4": 0.03473531017224202,
        "DCG@5": 0.03713315815096851
    },
    "runtime_seconds": 12.05,
    "query_time_stats": {
        "mean": 0.0071,
        "std": 0.0033,
        "min": 0.0064,
        "max": 0.0807
    }
}