{
    "precision": {
        "P@1": 0.1056338028169014,
        "P@2": 0.16901408450704225,
        "P@3": 0.18309859154929578,
        "P@4": 0.19718309859154928
    },
    "dcg": {
        "DCG@2": 0.14562230832495154,
        "DCG@3": 0.1526645618460783,
        "DCG@4": 0.15873042886119654,
        "DCG@5": 0.16417905994900697
    },
    "runtime_seconds": 0.44,
    "query_time_stats": {
        "mean": 0.0007,
        "std": 0.0002,
        "min": 0.0005,
        "max": 0.0023
    }
}