{
    "precision": {
        "P@1": 0.17973856209150327,
        "P@2": 0.24509803921568626,
        "P@3": 0.28431372549019607,
        "P@4": 0.30718954248366015
    },
    "dcg": {
        "DCG@2": 0.22097580088702334,
        "DCG@3": 0.2405836440242782,
        "DCG@4": 0.2504357221501401,
        "DCG@5": 0.26434219561281974
    },
    "runtime_seconds": 3448.74,
    "query_time_stats": {
        "mean": 11.2392,
        "std": 0.0556,
        "min": 11.1455,
        "max": 11.3591
    }
}