{
    "precision": {
        "P@1": 0.2634297520661157,
        "P@2": 0.34710743801652894,
        "P@3": 0.4121900826446281,
        "P@4": 0.45454545454545453
    },
    "dcg": {
        "DCG@2": 0.3162244938422397,
        "DCG@3": 0.3487658161562895,
        "DCG@4": 0.3670072819424562,
        "DCG@5": 0.37699831518715
    },
    "runtime_seconds": 3326.76,
    "query_time_stats": {
        "mean": 3.4352,
        "std": 0.0485,
        "min": 3.275,
        "max": 3.7371
    }
}