{
    "precision": {
        "P@1": 0.49295774647887325,
        "P@2": 0.6549295774647887,
        "P@3": 0.7323943661971831,
        "P@4": 0.8098591549295775
    },
    "dcg": {
        "DCG@2": 0.5951505938883346,
        "DCG@3": 0.6338829882545316,
        "DCG@4": 0.6672452568376815,
        "DCG@5": 0.6808668345572078
    },
    "runtime_seconds": 0.96,
    "query_time_stats": {
        "mean": 0.0067,
        "std": 0.0001,
        "min": 0.0065,
        "max": 0.0069
    }
}