{
    "precision": {
        "P@1": 0.2549019607843137,
        "P@2": 0.3235294117647059,
        "P@3": 0.3627450980392157,
        "P@4": 0.39869281045751637
    },
    "dcg": {
        "DCG@2": 0.29820106151960973,
        "DCG@3": 0.3178089046568646,
        "DCG@4": 0.3332907417117904,
        "DCG@5": 0.33834764115276483
    },
    "runtime_seconds": 8.18,
    "query_time_stats": {
        "mean": 0.0211,
        "std": 0.0074,
        "min": 0.0087,
        "max": 0.0537
    }
}