{
    "precision": {
        "P@1": 0.1952479338842975,
        "P@2": 0.27582644628099173,
        "P@3": 0.3243801652892562,
        "P@4": 0.3615702479338843
    },
    "dcg": {
        "DCG@2": 0.24608731485389804,
        "DCG@3": 0.2703641743580304,
        "DCG@4": 0.2863810711458842,
        "DCG@5": 0.29916959369909224
    },
    "runtime_seconds": 19.17,
    "query_time_stats": {
        "mean": 0.0193,
        "std": 0.0053,
        "min": 0.0102,
        "max": 0.0776
    }
}