{
    "precision": {
        "P@1": 0.4084507042253521,
        "P@2": 0.5563380281690141,
        "P@3": 0.647887323943662,
        "P@4": 0.6690140845070423
    },
    "dcg": {
        "DCG@2": 0.501757217077469,
        "DCG@3": 0.5475318649647928,
        "DCG@4": 0.5566306654874702,
        "DCG@5": 0.5784251898387118
    },
    "runtime_seconds": 0.07,
    "query_time_stats": {
        "mean": 0.0005,
        "std": 0.0001,
        "min": 0.0003,
        "max": 0.0006
    }
}