{
    "precision": {
        "P@1": 0.8,
        "P@2": 0.9,
        "P@3": 0.9,
        "P@4": 0.9
    },
    "dcg": {
        "DCG@2": 0.8630929753571458,
        "DCG@3": 0.8630929753571458,
        "DCG@4": 0.8630929753571458,
        "DCG@5": 0.8630929753571458
    },
    "runtime_seconds": 6432.43,
    "avg_time_per_query": 643.243
}