{
    "precision": {
        "P@1": 0.852112676056338,
        "P@2": 0.9366197183098591,
        "P@3": 0.9507042253521126,
        "P@4": 0.971830985915493
    },
    "dcg": {
        "DCG@2": 0.9054306834004047,
        "DCG@3": 0.9124729369215314,
        "DCG@4": 0.9215717374442085,
        "DCG@5": 0.9215717374442085
    },
    "runtime_seconds": 1645.26,
    "query_time_stats": {
        "mean": 11.3857,
        "std": 1.9456,
        "min": 9.9331,
        "max": 24.5783
    }
}