{
    "precision": {
        "P@1": 0.05555555555555555,
        "P@2": 0.09803921568627451,
        "P@3": 0.12745098039215685,
        "P@4": 0.16339869281045752
    },
    "dcg": {
        "DCG@2": 0.08235976077264363,
        "DCG@3": 0.0970656431255848,
        "DCG@4": 0.11254748018051072,
        "DCG@5": 0.11381170504075432
    },
    "runtime_seconds": 112.54,
    "query_time_stats": {
        "mean": 0.0027,
        "std": 0.0004,
        "min": 0.0024,
        "max": 0.0066
    }
}