{
    "precision": {
        "P@1": 0.027892561983471075,
        "P@2": 0.047520661157024795,
        "P@3": 0.05991735537190083,
        "P@4": 0.07541322314049587
    },
    "dcg": {
        "DCG@2": 0.04027651375811746,
        "DCG@3": 0.046474860865555474,
        "DCG@4": 0.053148567860494426,
        "DCG@5": 0.05674533982858416
    },
    "runtime_seconds": 16.78,
    "query_time_stats": {
        "mean": 0.007,
        "std": 0.0032,
        "min": 0.0063,
        "max": 0.0667
    }
}