{
    "precision": {
        "P@1": 0.04929577464788732,
        "P@2": 0.11971830985915492,
        "P@3": 0.16901408450704225,
        "P@4": 0.19718309859154928
    },
    "dcg": {
        "DCG@2": 0.09372744743460969,
        "DCG@3": 0.11837533475855336,
        "DCG@4": 0.1305070687887898,
        "DCG@5": 0.14140433096441066
    },
    "runtime_seconds": 2.51,
    "query_time_stats": {
        "mean": 0.0006,
        "std": 0.0002,
        "min": 0.0004,
        "max": 0.0021
    }
}