{
    "precision": {
        "P@1": 0.1830065359477124,
        "P@2": 0.21895424836601307,
        "P@3": 0.2647058823529412,
        "P@4": 0.30718954248366015
    },
    "dcg": {
        "DCG@2": 0.2056870172852485,
        "DCG@3": 0.22856283427871255,
        "DCG@4": 0.24685955079817035,
        "DCG@5": 0.25444489995963193
    },
    "time": {
        "build_tree_seconds": 0.04,
        "retrieval_seconds": 5.31,
        "avg_retrieval_seconds": 0.0173,
        "std_retrieval_seconds": 0.0294,
        "min_retrieval_seconds": 0.0142,
        "max_retrieval_seconds": 0.5232,
        "total_seconds": 10.73,
        "avg_total_seconds": 0.0351
    }
}