{
    "precision": {
        "P@1": 0.44834710743801653,
        "P@2": 0.5619834710743802,
        "P@3": 0.6177685950413223,
        "P@4": 0.6466942148760331
    },
    "dcg": {
        "DCG@2": 0.520043670343865,
        "DCG@3": 0.5479362323273359,
        "DCG@4": 0.5603938187178886,
        "DCG@5": 0.569585569303007
    },
    "time": {
        "build_tree_seconds": 0.14,
        "retrieval_seconds": 20.44,
        "avg_retrieval_seconds": 0.0211,
        "std_retrieval_seconds": 0.0173,
        "min_retrieval_seconds": 0.0161,
        "max_retrieval_seconds": 0.5448,
        "total_seconds": 25.75,
        "avg_total_seconds": 0.0266
    }
}