{
    "precision": {
        "P@1": 0.6408450704225352,
        "P@2": 0.6901408450704225,
        "P@3": 0.704225352112676,
        "P@4": 0.7183098591549296
    },
    "dcg": {
        "DCG@2": 0.6719472413732407,
        "DCG@3": 0.6789894948943674,
        "DCG@4": 0.6850553619094856,
        "DCG@5": 0.6877796774533909
    },
    "time": {
        "build_tree_seconds": 0.0,
        "retrieval_seconds": 2715.17,
        "avg_retrieval_seconds": 19.1209,
        "std_retrieval_seconds": 52.0785,
        "min_retrieval_seconds": 2.6993,
        "max_retrieval_seconds": 628.6566,
        "total_seconds": 2719.92,
        "avg_total_seconds": 19.1544
    }
}