{
    "precision": {
        "P@1": 0.12745098039215685,
        "P@2": 0.16666666666666666,
        "P@3": 0.17973856209150327,
        "P@4": 0.20588235294117646
    },
    "dcg": {
        "DCG@2": 0.15219332366946894,
        "DCG@3": 0.15872927138188722,
        "DCG@4": 0.16998878924001518,
        "DCG@5": 0.1876879372834255
    },
    "runtime_seconds": 26.66,
    "n_components": 300,
    "query_time_stats": {
        "mean": 0.0039,
        "std": 0.0002,
        "min": 0.0036,
        "max": 0.0066
    }
}