{
    "precision": {
        "P@1": 0.1756198347107438,
        "P@2": 0.2510330578512397,
        "P@3": 0.29338842975206614,
        "P@4": 0.32231404958677684
    },
    "dcg": {
        "DCG@2": 0.22320028100280584,
        "DCG@3": 0.24437796695321906,
        "DCG@4": 0.25683555334377184,
        "DCG@5": 0.2664269452586777
    },
    "runtime_seconds": 23.52,
    "n_components": 300,
    "query_time_stats": {
        "mean": 0.0179,
        "std": 0.0044,
        "min": 0.0129,
        "max": 0.1038
    }
}