{
    "precision": {
        "P@1": 0.5352112676056338,
        "P@2": 0.7112676056338029,
        "P@3": 0.7605633802816901,
        "P@4": 0.823943661971831
    },
    "dcg": {
        "DCG@2": 0.6462904495724394,
        "DCG@3": 0.6709383368963829,
        "DCG@4": 0.6982347384644149,
        "DCG@5": 0.711856316183941
    },
    "runtime_seconds": 0.31,
    "n_components": 300,
    "query_time_stats": {
        "mean": 0.0009,
        "std": 0.0019,
        "min": 0.0004,
        "max": 0.0112
    }
}