{
    "precision": {
        "P@1": 0.2647058823529412,
        "P@2": 0.3562091503267974,
        "P@3": 0.4019607843137255,
        "P@4": 0.4411764705882353
    },
    "dcg": {
        "DCG@2": 0.32243801666666916,
        "DCG@3": 0.3453138336601332,
        "DCG@4": 0.362203110447325,
        "DCG@5": 0.3773738087702483
    },
    "runtime_seconds": 39.46,
    "avg_time_per_query": 0.129
}