{
    "precision": {
        "P@1": 0.496900826446281,
        "P@2": 0.6446280991735537,
        "P@3": 0.6880165289256198,
        "P@4": 0.7262396694214877
    },
    "dcg": {
        "DCG@2": 0.5901063582238834,
        "DCG@3": 0.6118005730999164,
        "DCG@4": 0.6282623836874325,
        "DCG@5": 0.637054492942763
    },
    "runtime_seconds": 14.36,
    "avg_time_per_query": 0.0148
}