{
    "precision": {
        "P@1": 0.7183098591549296,
        "P@2": 0.8873239436619719,
        "P@3": 0.9295774647887324,
        "P@4": 0.9366197183098591
    },
    "dcg": {
        "DCG@2": 0.8249458738430627,
        "DCG@3": 0.846072634406443,
        "DCG@4": 0.849105567914002,
        "DCG@5": 0.8572785145457178
    },
    "runtime_seconds": 1.02,
    "avg_time_per_query": 0.0072
}