{
    "precision": {
        "P@1": 0.5,
        "P@2": 0.6,
        "P@3": 0.6,
        "P@4": 0.6
    },
    "dcg": {
        "DCG@2": 0.5630929753571458,
        "DCG@3": 0.5630929753571458,
        "DCG@4": 0.5630929753571458,
        "DCG@5": 0.5630929753571458
    },
    "runtime_seconds": 27959.55,
    "query_time_stats": {
        "mean": 2795.7207,
        "std": 369.8449,
        "min": 2449.5496,
        "max": 3801.0825
    }
}