{
    "precision": {
        "P@1": 0.8,
        "P@2": 0.9,
        "P@3": 0.9,
        "P@4": 0.9
    },
    "dcg": {
        "DCG@2": 0.8630929753571458,
        "DCG@3": 0.8630929753571458,
        "DCG@4": 0.8630929753571458,
        "DCG@5": 0.8630929753571458
    },
    "runtime_seconds": 121936.61,
    "query_time_stats": {
        "mean": 12193.4554,
        "std": 3790.483,
        "min": 8147.9499,
        "max": 21581.4144
    }
}