{
    "precision": {
        "P@1": 0.852112676056338,
        "P@2": 0.9366197183098591,
        "P@3": 0.9577464788732394,
        "P@4": 0.9859154929577465
    },
    "dcg": {
        "DCG@2": 0.9054306834004044,
        "DCG@3": 0.9159940636820946,
        "DCG@4": 0.9281257977123308,
        "DCG@5": 0.9281257977123308
    },
    "runtime_seconds": 42277.88,
    "avg_time_per_query": 297.7315
}