{
    "precision": {
        "P@1": 0.7394366197183099,
        "P@2": 0.8028169014084507,
        "P@3": 0.8169014084507042,
        "P@4": 0.8169014084507042
    },
    "dcg": {
        "DCG@2": 0.7794251252263598,
        "DCG@3": 0.7864673787474865,
        "DCG@4": 0.7864673787474865,
        "DCG@5": 0.7891916942913918
    },
    "time": {
        "build_tree_seconds": 0.0,
        "retrieval_seconds": 574.79,
        "avg_retrieval_seconds": 4.0478,
        "std_retrieval_seconds": 3.0045,
        "min_retrieval_seconds": 2.3427,
        "max_retrieval_seconds": 36.4649,
        "total_seconds": 579.71,
        "avg_total_seconds": 4.0825
    }
}