{
    "precision": {
        "P@1": 0.1895424836601307,
        "P@2": 0.24836601307189543,
        "P@3": 0.3202614379084967,
        "P@4": 0.35947712418300654
    },
    "dcg": {
        "DCG@2": 0.22665599857609883,
        "DCG@3": 0.2626037109943994,
        "DCG@4": 0.2794929877815912,
        "DCG@5": 0.2870783369430528
    },
    "runtime_seconds": 13.09,
    "query_time_stats": {
        "mean": 0.0264,
        "std": 0.006,
        "min": 0.021,
        "max": 0.0464
    }
}