{
    "precision": {
        "P@1": 0.23863636363636365,
        "P@2": 0.3305785123966942,
        "P@3": 0.38326446280991733,
        "P@4": 0.42355371900826444
    },
    "dcg": {
        "DCG@2": 0.29664540089654917,
        "DCG@3": 0.32298837610316083,
        "DCG@4": 0.34034001429000243,
        "DCG@5": 0.355526384821937
    },
    "runtime_seconds": 3.45,
    "query_time_stats": {
        "mean": 0.0029,
        "std": 0.0021,
        "min": 0.0025,
        "max": 0.0666
    }
}