{
    "precision": {
        "P@1": 0.30985915492957744,
        "P@2": 0.49295774647887325,
        "P@3": 0.5704225352112676,
        "P@4": 0.6197183098591549
    },
    "dcg": {
        "DCG@2": 0.42538150417505566,
        "DCG@3": 0.46411389854125285,
        "DCG@4": 0.48534443309416647,
        "DCG@5": 0.49351737972588205
    },
    "runtime_seconds": 0.12,
    "query_time_stats": {
        "mean": 0.0008,
        "std": 0.0,
        "min": 0.0007,
        "max": 0.001
    }
}