{
    "precision": {
        "P@1": 0.5422535211267606,
        "P@2": 0.7323943661971831,
        "P@3": 0.7746478873239436,
        "P@4": 0.8169014084507042
    },
    "dcg": {
        "DCG@2": 0.6622190376509104,
        "DCG@3": 0.6833457982142908,
        "DCG@4": 0.7015433992596453,
        "DCG@5": 0.7042677148035505
    },
    "runtime_seconds": 7711.95,
    "avg_time_per_query": 54.3095
}