{
    "precision": {
        "P@1": 0.3,
        "P@2": 0.3,
        "P@3": 0.3,
        "P@4": 0.4
    },
    "dcg": {
        "DCG@2": 0.3,
        "DCG@3": 0.3,
        "DCG@4": 0.3430676558073393,
        "DCG@5": 0.3430676558073393
    },
    "runtime_seconds": 39979.87,
    "query_time_stats": {
        "mean": 3997.7535,
        "std": 609.1394,
        "min": 2925.8953,
        "max": 5302.8607
    }
}