{
    "precision": {
        "P@1": 0.6,
        "P@2": 0.7,
        "P@3": 0.7,
        "P@4": 0.7
    },
    "dcg": {
        "DCG@2": 0.6630929753571457,
        "DCG@3": 0.6630929753571457,
        "DCG@4": 0.6630929753571457,
        "DCG@5": 0.6630929753571457
    },
    "runtime_seconds": 122564.75,
    "query_time_stats": {
        "mean": 12256.2692,
        "std": 3177.9865,
        "min": 8073.9171,
        "max": 17835.0129
    }
}