{
    "precision": {
        "P@1": 0.7323943661971831,
        "P@2": 0.8802816901408451,
        "P@3": 0.8943661971830986,
        "P@4": 0.9014084507042254
    },
    "dcg": {
        "DCG@2": 0.8257008790492992,
        "DCG@3": 0.832743132570426,
        "DCG@4": 0.835776066077985,
        "DCG@5": 0.8385003816218903
    },
    "runtime_seconds": 60160.79,
    "avg_time_per_query": 423.6675
}